{"ENTITY_ID":21,"tables":[{"id":"e54f675c-8a40-41bd-abfa-07077e10af55","position":{"x":874,"y":312},"data":{"table_name":"utilizador","fields":[{"fieldName":"username","fieldType":10,"isPK":true,"isNotNull":false,"isUnique":false,"defaultValue":"","args":["512"],"isAutoIncrement":false},{"fieldName":"email","fieldType":10,"isPK":false,"isNotNull":true,"isUnique":false,"defaultValue":"","args":["512"],"isAutoIncrement":false},{"fieldName":"password","fieldType":10,"isPK":false,"isNotNull":true,"isUnique":false,"defaultValue":"","args":["512"],"isAutoIncrement":false}],"next_id":4,"checkName":[],"checkCondition":[]}},{"id":"0c74da9c-ff69-4272-82c3-2687fef23a2b","position":{"x":299.0000305175781,"y":38.000003814697266},"data":{"table_name":"Leilao","fields":[{"fieldName":"leilaoId","fieldType":3,"isPK":true,"isNotNull":false,"isUnique":false,"defaultValue":"","args":"","isAutoIncrement":false},{"fieldName":"precoMinimo","fieldType":3,"isPK":false,"isNotNull":true,"isUnique":false,"defaultValue":"","args":"","isAutoIncrement":false},{"fieldName":"maiorOferta","fieldType":3,"isPK":false,"isNotNull":false,"isUnique":false,"defaultValue":"","args":"","isAutoIncrement":false},{"fieldName":"titulo","fieldType":10,"isPK":false,"isNotNull":true,"isUnique":false,"defaultValue":"","args":["512"],"isAutoIncrement":false},{"fieldName":"descricao","fieldType":10,"isPK":false,"isNotNull":true,"isUnique":false,"defaultValue":"","args":["512"],"isAutoIncrement":false},{"fieldName":"tempoFinal","fieldType":8,"isPK":false,"isNotNull":true,"isUnique":false,"defaultValue":"","args":"","isAutoIncrement":false},{"fieldName":"vencedor","fieldType":10,"isPK":false,"isNotNull":false,"isUnique":false,"defaultValue":"","args":["512"],"isAutoIncrement":false}],"next_id":8,"checkName":["constraint_0"],"checkCondition":["maiorOferta >= precoMinimo"]}},{"id":"4658f6ae-4741-478c-9aa8-12d6d3208139","position":{"x":275,"y":546},"data":{"table_name":"Licitacao","fields":[{"fieldName":"valor","fieldType":3,"isPK":false,"isNotNull":true,"isUnique":false,"defaultValue":"","args":[1,1],"isAutoIncrement":false},{"fieldName":"id","fieldType":3,"isPK":true,"isNotNull":false,"isUnique":false,"defaultValue":"","args":"","isAutoIncrement":false},{"fieldName":"data","fieldType":8,"isPK":false,"isNotNull":true,"isUnique":false,"defaultValue":"","args":"","isAutoIncrement":false}],"next_id":4,"checkName":[],"checkCondition":[]}},{"id":"f6c521ab-8bc5-40af-909d-64a645f01168","position":{"x":294.0000305175781,"y":-144},"data":{"table_name":"Versao_antiga","fields":[{"fieldName":"versao","fieldType":2,"isPK":true,"isNotNull":false,"isUnique":false,"defaultValue":"","args":"","isAutoIncrement":false},{"fieldName":"descricao","fieldType":10,"isPK":false,"isNotNull":true,"isUnique":false,"defaultValue":"","args":["512"],"isAutoIncrement":false},{"fieldName":"titulo","fieldType":10,"isPK":false,"isNotNull":true,"isUnique":false,"defaultValue":"","args":["512"],"isAutoIncrement":false},{"fieldName":"data","fieldType":8,"isPK":false,"isNotNull":true,"isUnique":false,"defaultValue":"","args":"","isAutoIncrement":false}],"next_id":6,"checkName":[],"checkCondition":[]}},{"id":"f2c0c59a-40b8-4f73-8601-71146707c38d","position":{"x":1324,"y":51},"data":{"table_name":"Notificacao_mensagem","fields":[],"next_id":3,"checkName":[],"checkCondition":[]}},{"id":"a538f3d2-2ad2-433c-a722-5eb25b401f44","position":{"x":787,"y":45.0000114440918},"data":{"table_name":"Mensagem","fields":[{"fieldName":"texto","fieldType":10,"isPK":false,"isNotNull":false,"isUnique":false,"defaultValue":"","args":["512"],"isAutoIncrement":false},{"fieldName":"id","fieldType":3,"isPK":true,"isNotNull":false,"isUnique":false,"defaultValue":"","args":"","isAutoIncrement":false},{"fieldName":"data","fieldType":8,"isPK":false,"isNotNull":true,"isUnique":false,"defaultValue":"","args":"","isAutoIncrement":false}],"next_id":4,"checkName":[],"checkCondition":[]}},{"id":"ec7db73b-41b6-469d-95f5-617e8ff8b24b","position":{"x":1313,"y":556},"data":{"table_name":"Notificacao_Licitacao","fields":[],"next_id":1,"checkName":[],"checkCondition":[]}},{"id":"07c950fd-26b1-4c01-a1a9-ab83a37bb8b0","position":{"x":1648,"y":273},"data":{"table_name":"Notificacao","fields":[{"fieldName":"id","fieldType":2,"isPK":true,"isNotNull":false,"isUnique":false,"defaultValue":"","args":"","isAutoIncrement":false},{"fieldName":"visto","fieldType":0,"isPK":false,"isNotNull":true,"isUnique":false,"defaultValue":"false","args":[1,1],"isAutoIncrement":false},{"fieldName":"data","fieldType":8,"isPK":false,"isNotNull":true,"isUnique":false,"defaultValue":"","args":"","isAutoIncrement":false},{"fieldName":"texto","fieldType":10,"isPK":false,"isNotNull":false,"isUnique":false,"defaultValue":"","args":["512"],"isAutoIncrement":false}],"next_id":5,"checkName":[],"checkCondition":[]}},{"id":"32473066-21e2-43a1-8bb0-b593136db8b9","position":{"x":-124,"y":64},"data":{"table_name":"Artigo","fields":[{"fieldName":"artigoId","fieldType":3,"isPK":true,"isNotNull":false,"isUnique":false,"defaultValue":"","args":[1,1],"isAutoIncrement":false},{"fieldName":"descricao","fieldType":10,"isPK":false,"isNotNull":true,"isUnique":false,"defaultValue":"","args":["512"],"isAutoIncrement":false}],"next_id":2,"checkName":["ISBN"],"checkCondition":["artigoId>=1000000000000 and artigoId <=9999999999999"]}}],"links":[{"source":"4658f6ae-4741-478c-9aa8-12d6d3208139","target":"0c74da9c-ff69-4272-82c3-2687fef23a2b","order":"normal","sourceCard":"0:n","targetCard":"1:1","label":"altera","hierType":null,"sourceisweak":false,"targetisweak":false},{"source":"f6c521ab-8bc5-40af-909d-64a645f01168","target":"0c74da9c-ff69-4272-82c3-2687fef23a2b","order":"normal","sourceCard":"0:n","targetCard":"1:1","label":"guarda","hierType":null,"sourceisweak":false,"targetisweak":false},{"source":"0c74da9c-ff69-4272-82c3-2687fef23a2b","target":"e54f675c-8a40-41bd-abfa-07077e10af55","order":"normal","sourceCard":"0:n","targetCard":"1:1","label":"criado por","hierType":null,"sourceisweak":false,"targetisweak":false},{"source":"4658f6ae-4741-478c-9aa8-12d6d3208139","target":"e54f675c-8a40-41bd-abfa-07077e10af55","order":"normal","sourceCard":"0:n","targetCard":"1:1","label":"efetuada por","hierType":null,"sourceisweak":false,"targetisweak":false},{"source":"e54f675c-8a40-41bd-abfa-07077e10af55","target":"a538f3d2-2ad2-433c-a722-5eb25b401f44","order":"normal","sourceCard":"1:1","targetCard":"0:n","label":"criada por","hierType":null,"sourceisweak":false,"targetisweak":false},{"source":"e54f675c-8a40-41bd-abfa-07077e10af55","target":"f2c0c59a-40b8-4f73-8601-71146707c38d","order":"normal","sourceCard":"1:1","targetCard":"0:n","label":"notifica","hierType":null,"sourceisweak":false,"targetisweak":false},{"source":"0c74da9c-ff69-4272-82c3-2687fef23a2b","target":"a538f3d2-2ad2-433c-a722-5eb25b401f44","order":"normal","sourceCard":"1:1","targetCard":"0:n","label":"contem","hierType":null,"sourceisweak":false,"targetisweak":false},{"source":"a538f3d2-2ad2-433c-a722-5eb25b401f44","target":"f2c0c59a-40b8-4f73-8601-71146707c38d","order":"normal","sourceCard":"1:1","targetCard":"1:n","label":"gerada por","hierType":null,"sourceisweak":false,"targetisweak":false},{"source":"f2c0c59a-40b8-4f73-8601-71146707c38d","target":"07c950fd-26b1-4c01-a1a9-ab83a37bb8b0","order":"parenting","sourceCard":"0:1","targetCard":"0:1","label":"concrete","hierType":"concrete","sourceisweak":false,"targetisweak":false},{"source":"ec7db73b-41b6-469d-95f5-617e8ff8b24b","target":"07c950fd-26b1-4c01-a1a9-ab83a37bb8b0","order":"parenting","sourceCard":"0:1","targetCard":"0:1","label":"concrete","hierType":"concrete","sourceisweak":false,"targetisweak":false},{"source":"4658f6ae-4741-478c-9aa8-12d6d3208139","target":"ec7db73b-41b6-469d-95f5-617e8ff8b24b","order":"normal","sourceCard":"1:1","targetCard":"0:1","label":"gerada por","hierType":null,"sourceisweak":false,"targetisweak":false},{"source":"ec7db73b-41b6-469d-95f5-617e8ff8b24b","target":"e54f675c-8a40-41bd-abfa-07077e10af55","order":"normal","sourceCard":"0:n","targetCard":"1:1","label":"notifica","hierType":null,"sourceisweak":false,"targetisweak":false},{"source":"32473066-21e2-43a1-8bb0-b593136db8b9","target":"0c74da9c-ff69-4272-82c3-2687fef23a2b","order":"normal","sourceCard":"1:1","targetCard":"1:n","label":"vende","hierType":null,"sourceisweak":false,"targetisweak":false}],"normalization":1,"database":0}